trades,win_rate,expectancy_pre_cost,expectancy_post_cost,cost_abs
83,0.3855421686746988,0.23263623078390314,0.21263623078390326,0.02
